Workbook
Name CH4_GWP: '[1]Emission Factors'!$B$207
Name N2O_GWP: '[1]Emission Factors'!$B$208
Name Prod_TransTM_fctrs: '[1]Emission Factors'!$A$334:$D$337
Name Prod_TransVM_Fctrs: '[1]Emission Factors'!$A$331:$D$333

Sheet Summary
B2: # | C2: Sheet | D2: Tổng lượng phát thải (kg CO2e)
B3: 1 | C3: Material use | D3: ='Material use'!E16 -> 0
B4: 2 | C4: Upstream TD | D4: ='Upstream TD'!E21 -> 0
B5: 3 | C5: Waste disposal | D5: ='Waste disposal'!E16 -> 0
B6: 4 | C6: Business travel | D6: ='Business travel'!E21 -> 0
B7: 5 | C7: Employees commuting | D7: ='Employees commuting'!E21 -> 0
B8: 6 | C8: Wast Water | D8: ='Wast Water'!E4 -> 0
B9: Tổng lượng phát thải (kg CO2e) | D9: =SUM(D3:D8) -> 0

Sheet Material use
A1: Id | B1: Loại vật liệu | C1: Hệ số phát thải | D1: Tổng vật liệu (Tấn) | E1: Tổng lượng phát thải (kg CO2e)
A2: 1 | B2: Batteries -Pin | C2: 854344 | E2: =D2*C2 -> 0
A3: 2 | B3: Clothing - Vải | C3: 4449759 | E3: =D3*C3 -> 0
A4: 3 | B4: Commercial and industrial waste - Rác Thương mại và công nghiệp | C4: 4581763 | E4: =D4*C4 -> 0
A5: 4 | B5: Concrete - Bê tông | C5: 12489 | E5: =D5*C5 -> 0
A6: 5 | B6: Glass - kính | C6: 89344 | E6: =D6*C6 -> 0
A7: 6 | B7: Household residual waste - rác sinh hoạt | C7: 4373719 | E7: =D7*C7 -> 0
A8: 7 | B8: Rác thải kim loại | C8: 89344 | E8: =D8*C8 -> 0
A9: 8 | B9: Organic: food and drink waste -Rác thải hữu cơ thực phẩm và đồ uống | C9: 6269073 | E9: =D9*C9 -> 0
A10: 9 | B10: Giấy | C10: 10418361 | E10: =D10*C10 -> 0
A11: 10 | B11: Nhựa PET | C11: 89344 | E11: =D11*C11 -> 0
A12: 11 | B12: Nhựa PVC | C12: 89344 | E12: =D12*C12 -> 0
A13: 12 | B13: Nhựa PS | C13: 89344 | E13: =D13*C13 -> 0
... A15: 14 | B15: Cao Su | C15: 89344 | E15: =D15*C15 -> 0
B16: Vui lòng không thay đổi template khi nhập liệu, xin cảm ơn. | E16: =SUM(E2:E15) -> 0

Sheet Upstream TD
A1: Id | B1: Loại xe | C1: Hệ số phát thải (kg co2/km) | D1: Tổng lượng phát thải (kg CO2e) | E1: Tổng lượng phát thải (kg CO2e)
A2: 15 | B2: Xe Buýt-Xăng | C2: 0.1195 | E2: =D2*C2 -> 0
A3: 16 | B3: Xe Buýt-Dầu | C3: 0.10312 | E3: =D3*C3 -> 0
A4: 17 | B4: Xe Buýt-Khí CNG | C4: 0.02732 | E4: =D4*C4 -> 0
A5: 18 | B5: Xe Buýt-Điện | C5: 0.13721 | E5: =D5*C5 -> 0
A6: 19 | B6: Ô Tô 4 chỗ-Diesel | C6: 0.16637 | E6: =D6*C6 -> 0
A7: 20 | B7: Ô tô 7 chỗ-Diesel | C7: 0.20419 | E7: =D7*C7 -> 0
A8: 21 | B8: Ô tô 16 chỗ-Diesel | C8: 0.16844 | E8: =D8*C8 -> 0
A9: 22 | B9: Ô Tô 4 chỗ-Petrol | C9: 0.14836 | E9: =D9*C9 -> 0
A10: 23 | B10: Ô tô 7 chỗ-Petrol | C10: 0.18659 | E10: =D10*C10 -> 0
A11: 24 | B11: Ô tô 16 chỗ-Petrol | C11: 0.27807 | E11: =D11*C11 -> 0
A12: 25 | B12: Ô Tô 4 chỗ-Hybrid | C12: 0.1743 | E12: =D12*C12 -> 0
A13: 26 | B13: Ô tô 7 chỗ-Hybrid | C13: 0.10275 | E13: =D13*C13 -> 0
... A20: 33 | B20: Tàu điện-Electricity | C20: 0.17621 | E20: =D20*C20 -> 0
B21: Vui lòng không thay đổi template khi nhập liệu, xin cảm ơn. | E21: =SUM(E2:E20) -> 0

Sheet Waste disposal
A1: Id | B1: Loại rác | C1: Hệ số phát thải (kg co2e/tấn) | D1: Tổng lượng phát thải (kg CO2e) | E1: Tổng lượng phát thải (kg CO2e)
A2: 34 | B2: Batteries -Pin | C2: 854344 | E2: =D2*C2 -> 0
A3: 35 | B3: Clothing - Vải | C3: 4449759 | E3: =D3*C3 -> 0
A4: 36 | B4: Commercial and industrial waste - Rác Thương mại và công nghiệp | C4: 4581763 | E4: =D4*C4 -> 0
A5: 37 | B5: Concrete - Bê tông | C5: 12489 | E5: =D5*C5 -> 0
A6: 38 | B6: Glass - kính | C6: 89344 | E6: =D6*C6 -> 0
A7: 39 | B7: Household residual waste - rác sinh hoạt | C7: 4373719 | E7: =D7*C7 -> 0
A8: 40 | B8: Rác thải kim loại | C8: 89344 | E8: =D8*C8 -> 0
A9: 41 | B9: Organic: food and drink waste -Rác thải hữu cơ thực phẩm và đồ uống | C9: 6269073 | E9: =D9*C9 -> 0
A10: 42 | B10: Giấy | C10: 10418361 | E10: =D10*C10 -> 0
A11: 43 | B11: Nhựa PET | C11: 89344 | E11: =D11*C11 -> 0
A12: 44 | B12: Nhựa PVC | C12: 89344 | E12: =D12*C12 -> 0
A13: 45 | B13: Nhựa PS | C13: 89344 | E13: =D13*C13 -> 0
... A15: 47 | B15: Cao Su | C15: 89344 | E15: =D15*C15 -> 0
B16: Vui lòng không thay đổi template khi nhập liệu, xin cảm ơn. | E16: =SUM(E2:E15) -> 0

Sheet Business travel
A1: Id | B1: Loại xe | C1: Hệ số | D1: Tổng km | E1: Tổng lượng phát thải (kg CO2e)
A2: 48 | B2: Xe Buýt-Xăng | C2: 0.1195 | E2: =D2*C2 -> 0
A3: 49 | B3: Xe Buýt-Dầu | C3: 0.10312 | E3: =D3*C3 -> 0
A4: 50 | B4: Xe Buýt-Khí CNG | C4: 0.02732 | E4: =D4*C4 -> 0
A5: 51 | B5: Xe Buýt-Điện | C5: 0.13721 | E5: =D5*C5 -> 0
A6: 52 | B6: Ô Tô 4 chỗ-Diesel | C6: 0.16637 | E6: =D6*C6 -> 0
A7: 53 | B7: Ô tô 7 chỗ-Diesel | C7: 0.20419 | E7: =D7*C7 -> 0
A8: 54 | B8: Ô tô 16 chỗ-Diesel | C8: 0.16844 | E8: =D8*C8 -> 0
A9: 55 | B9: Ô Tô 4 chỗ-Petrol | C9: 0.14836 | E9: =D9*C9 -> 0
A10: 56 | B10: Ô tô 7 chỗ-Petrol | C10: 0.18659 | E10: =D10*C10 -> 0
A11: 57 | B11: Ô tô 16 chỗ-Petrol | C11: 0.27807 | E11: =D11*C11 -> 0
A12: 58 | B12: Ô Tô 4 chỗ-Hybrid | C12: 0.1743 | E12: =D12*C12 -> 0
A13: 59 | B13: Ô tô 7 chỗ-Hybrid | C13: 0.10275 | E13: =D13*C13 -> 0
... A20: 66 | B20: Tàu điện-Electricity | C20: 0.17621 | E20: =D20*C20 -> 0
B21: Vui lòng không thay đổi template khi nhập liệu, xin cảm ơn. | E21: =SUM(E2:E20) -> 0

Sheet Employees commuting
A1: Id | B1: Loại xe | C1: Factors | D1: Tổng km | E1: Tổng lượng phát thải (kg CO2e)
A2: 67 | B2: Xe Buýt - Xăng | C2: 0.1195 | E2: =D2*C2 -> 0
A3: 68 | B3: Xe Buýt - Dầu | C3: 0.10312 | E3: =D3*C3 -> 0
A4: 69 | B4: Xe Buýt - Khí CNG | C4: 0.02732 | E4: =D4*C4 -> 0
A5: 70 | B5: Xe Buýt - Điện | C5: 0.13721 | E5: =D5*C5 -> 0
A6: 71 | B6: Ô Tô 4 chỗ - Diesel | C6: 0.16637 | E6: =D6*C6 -> 0
A7: 72 | B7: Ô tô 7 chỗ - Diesel | C7: 0.20419 | E7: =D7*C7 -> 0
A8: 73 | B8: Ô tô 16 chỗ - Diesel | C8: 0.16844 | E8: =D8*C8 -> 0
A9: 74 | B9: Ô Tô 4 chỗ - Petrol | C9: 0.14836 | E9: =D9*C9 -> 0
A10: 75 | B10: Ô tô 7 chỗ - Petrol | C10: 0.18659 | E10: =D10*C10 -> 0
A11: 76 | B11: Ô tô 16 chỗ - Petrol | C11: 0.27807 | E11: =D11*C11 -> 0
A12: 77 | B12: Ô Tô 4 chỗ - Hybrid | C12: 0.1743 | E12: =D12*C12 -> 0
A13: 78 | B13: Ô tô 7 chỗ - Hybrid | C13: 0.10275 | E13: =D13*C13 -> 0
... A20: 85 | B20: Tàu điện - Electricity | C20: 0.17621 | E20: =D20*C20 -> 0
B21: Vui lòng không thay đổi template khi nhập liệu, xin cảm ơn. | E21: =SUM(E2:E20) -> 0

Sheet Wast Water
A1: Id | B1: EmissionName | C1: Factors | D1: Tổng lượng nước(m3) | E1: Tổng lượng phát thải (kg CO2e)
A2: 86 | B2: Water Supply - nước sạch | C2: 0.344 | E2: =D2*C2 -> 0
A3: 87 | B3: Water treatment - xử lý nước thải | C3: 0.708 | E3: =D3*C3 -> 0
B4: Vui lòng không thay đổi template khi nhập liệu, xin cảm ơn. | E4: =SUM(E2:E3) -> 0
